date,Oil_Stocks
1987-05-22,827225.0
1987-05-29,824387.0
1987-06-05,826689.0
1987-06-12,827429.0
1987-06-19,828312.0
1987-06-26,831226.0
1987-07-03,832132.0
1987-07-10,830849.0
1987-07-17,827036.0
1987-07-24,830873.0
1987-07-31,836747.0
1987-08-07,831468.0
1987-08-14,833262.0
1987-08-21,840508.0
1987-08-28,841422.0
1987-09-04,845465.0
1987-09-11,845005.0
1987-09-18,845642.0
1987-09-25,849438.0
1987-10-02,848080.0
1987-10-09,844855.0
1987-10-16,847983.0
1987-10-23,851818.0
1987-10-30,864201.0
1987-11-06,869362.0
1987-11-13,871678.0
1987-11-20,875509.0
1987-11-27,873521.0
1987-12-04,875851.0
1987-12-11,877201.0
1987-12-18,879721.0
1987-12-25,879336.0
1988-01-01,874314.0
1988-01-08,861844.0
1988-01-15,862053.0
1988-01-22,861245.0
1988-01-29,858440.0
1988-02-05,859847.0
1988-02-12,855598.0
1988-02-19,864088.0
1988-02-26,867717.0
1988-03-04,869420.0
1988-03-11,869831.0
1988-03-18,873580.0
1988-03-25,872216.0
1988-04-01,873464.0
1988-04-08,879484.0
1988-04-15,879480.0
1988-04-22,884261.0
1988-04-29,881732.0
1988-05-06,887593.0
1988-05-13,890802.0
1988-05-20,892721.0
1988-05-27,888805.0
1988-06-03,890957.0
1988-06-10,889280.0
1988-06-17,893477.0
1988-06-24,891199.0
1988-07-01,892007.0
1988-07-08,890187.0
1988-07-15,885007.0
1988-07-22,881794.0
1988-07-29,883710.0
1988-08-05,881982.0
1988-08-12,879618.0
1988-08-19,874852.0
1988-08-26,870652.0
1988-09-02,865685.0
1988-09-09,864719.0
1988-09-16,858179.0
1988-09-23,853974.0
1988-09-30,860182.0
1988-10-07,859596.0
1988-10-14,865096.0
1988-10-21,870245.0
1988-10-28,872404.0
1988-11-04,878098.0
1988-11-11,875519.0
1988-11-18,884503.0
1988-11-25,880588.0
1988-12-02,878419.0
1988-12-09,882921.0
1988-12-16,878157.0
1988-12-23,873932.0
1988-12-30,873167.0
1989-01-06,865484.0
1989-01-13,863426.0
1989-01-20,867699.0
1989-01-27,868194.0
1989-02-03,875807.0
1989-02-10,867901.0
1989-02-17,869093.0
1989-02-24,868629.0
1989-03-03,878921.0
1989-03-10,878057.0
1989-03-17,883938.0
1989-03-24,883413.0
1989-03-31,873367.0
1989-04-07,872737.0
1989-04-14,868793.0
1989-04-21,879185.0
1989-04-28,883997.0
1989-05-05,895047.0
1989-05-12,897795.0
1989-05-19,891310.0
1989-05-26,889909.0
1989-06-02,895289.0
1989-06-09,892553.0
1989-06-16,890135.0
1989-06-23,893650.0
1989-06-30,887176.0
1989-07-07,887810.0
1989-07-14,886281.0
1989-07-21,885624.0
1989-07-28,887725.0
1989-08-04,887592.0
1989-08-11,884553.0
1989-08-18,893519.0
1989-08-25,892770.0
1989-09-01,893339.0
1989-09-08,896173.0
1989-09-15,885661.0
1989-09-22,887135.0
1989-09-29,890249.0
1989-10-06,895525.0
1989-10-13,901350.0
1989-10-20,894932.0
1989-10-27,900068.0
1989-11-03,898681.0
1989-11-10,906613.0
1989-11-17,906781.0
1989-11-24,903612.0
1989-12-01,911872.0
1989-12-08,902906.0
1989-12-15,907860.0
1989-12-22,905214.0
1989-12-29,904134.0
1990-01-05,904076.0
1990-01-12,908047.0
1990-01-19,906401.0
1990-01-26,904351.0
1990-02-02,914727.0
1990-02-09,910241.0
1990-02-16,907794.0
1990-02-23,903218.0
1990-03-02,906741.0
1990-03-09,913559.0
1990-03-16,912113.0
1990-03-23,921348.0
1990-03-30,924282.0
1990-04-06,932221.0
1990-04-13,933138.0
1990-04-20,931578.0
1990-04-27,936163.0
1990-05-04,936904.0
1990-05-11,942503.0
1990-05-18,947177.0
1990-05-25,948900.0
1990-06-01,951799.0
1990-06-08,953667.0
1990-06-15,953182.0
1990-06-22,953885.0
1990-06-29,955394.0
1990-07-06,952344.0
1990-07-13,956879.0
1990-07-20,954702.0
1990-07-27,959271.0
1990-08-03,951525.0
1990-08-10,946681.0
1990-08-17,947535.0
1990-08-24,950649.0
1990-08-31,946333.0
1990-09-07,949206.0
1990-09-14,943559.0
1990-09-21,937834.0
1990-09-28,928007.0
1990-10-05,925894.0
1990-10-12,918375.0
1990-10-19,915615.0
1990-10-26,916857.0
1990-11-02,920758.0
1990-11-09,921253.0
1990-11-16,915231.0
1990-11-23,911584.0
1990-11-30,913758.0
1990-12-07,907428.0
1990-12-14,905846.0
1990-12-21,907684.0
1990-12-28,901612.0
1991-01-04,893234.0
1991-01-11,894131.0
1991-01-18,892742.0
1991-01-25,892735.0
1991-02-01,895841.0
1991-02-08,896124.0
1991-02-15,900784.0
1991-02-22,899428.0
1991-03-01,897522.0
1991-03-08,892038.0
1991-03-15,895651.0
1991-03-22,893991.0
1991-03-29,897685.0
1991-04-05,889746.0
1991-04-12,894244.0
1991-04-19,891158.0
1991-04-26,896702.0
1991-05-03,892623.0
1991-05-10,892389.0
1991-05-17,898381.0
1991-05-24,897808.0
1991-05-31,904685.0
1991-06-07,905491.0
1991-06-14,906290.0
1991-06-21,904911.0
1991-06-28,901859.0
1991-07-05,903062.0
1991-07-12,902012.0
1991-07-19,900227.0
1991-07-26,896458.0
1991-08-02,897147.0
1991-08-09,898861.0
1991-08-16,896942.0
1991-08-23,902246.0
1991-08-30,904148.0
1991-09-06,894389.0
1991-09-13,887822.0
1991-09-20,887953.0
1991-09-27,892660.0
1991-10-04,891572.0
1991-10-11,894905.0
1991-10-18,892445.0
1991-10-25,901266.0
1991-11-01,895148.0
1991-11-08,898963.0
1991-11-15,904101.0
1991-11-22,898093.0
1991-11-29,892636.0
1991-12-06,897629.0
1991-12-13,891591.0
1991-12-20,887439.0
1991-12-27,877359.0
1992-01-03,883325.0
1992-01-10,886822.0
1992-01-17,885646.0
1992-01-24,891317.0
1992-01-31,886901.0
1992-02-07,886715.0
1992-02-14,884910.0
1992-02-21,888085.0
1992-02-28,895106.0
1992-03-06,901404.0
1992-03-13,895959.0
1992-03-20,899490.0
1992-03-27,893970.0
1992-04-03,890369.0
1992-04-10,898825.0
1992-04-17,901631.0
1992-04-24,902433.0
1992-05-01,903887.0
1992-05-08,903227.0
1992-05-15,904522.0
1992-05-22,899933.0
1992-05-29,897287.0
1992-06-05,898109.0
1992-06-12,898908.0
1992-06-19,892607.0
1992-06-26,882710.0
1992-07-03,881717.0
1992-07-10,884380.0
1992-07-17,878013.0
1992-07-24,877987.0
1992-07-31,883778.0
1992-08-07,882007.0
1992-08-14,881014.0
1992-08-21,885873.0
1992-08-28,878737.0
1992-09-04,880886.0
1992-09-11,880433.0
1992-09-18,881269.0
1992-09-25,876535.0
1992-10-02,880511.0
1992-10-09,879730.0
1992-10-16,883838.0
1992-10-23,884863.0
1992-10-30,888470.0
1992-11-06,882153.0
1992-11-13,875112.0
1992-11-20,880930.0
1992-11-27,882477.0
1992-12-04,881426.0
1992-12-11,887200.0
1992-12-18,887235.0
1992-12-25,875615.0
1993-01-01,876611.0
1993-01-08,874064.0
1993-01-15,882249.0
1993-01-22,881251.0
1993-01-29,883355.0
1993-02-05,887030.0
1993-02-12,893719.0
1993-02-19,883668.0
1993-02-26,891690.0
1993-03-05,897703.0
1993-03-12,903521.0
1993-03-19,891156.0
1993-03-26,899598.0
1993-04-02,900495.0
1993-04-09,913006.0
1993-04-16,903746.0
1993-04-23,906088.0
1993-04-30,910430.0
1993-05-07,911324.0
1993-05-14,916789.0
1993-05-21,920155.0
1993-05-28,916420.0
1993-06-04,914807.0
1993-06-11,906891.0
1993-06-18,916450.0
1993-06-25,922740.0
1993-07-02,914521.0
1993-07-09,918171.0
1993-07-16,926522.0
1993-07-23,920995.0
1993-07-30,916578.0
1993-08-06,917991.0
1993-08-13,913740.0
1993-08-20,909179.0
1993-08-27,910619.0
1993-09-03,904586.0
1993-09-10,905908.0
1993-09-17,906793.0
1993-09-24,897592.0
1993-10-01,895578.0
1993-10-08,899907.0
1993-10-15,895285.0
1993-10-22,902793.0
1993-10-29,904663.0
1993-11-05,901318.0
1993-11-12,906498.0
1993-11-19,901306.0
1993-11-26,902758.0
1993-12-03,908302.0
1993-12-10,914631.0
1993-12-17,917131.0
1993-12-24,916963.0
1993-12-31,910560.0
1994-01-07,903673.0
1994-01-14,903479.0
1994-01-21,898067.0
1994-01-28,901175.0
1994-02-04,905029.0
1994-02-11,900674.0
1994-02-18,903702.0
1994-02-25,896520.0
1994-03-04,904138.0
1994-03-11,899062.0
1994-03-18,912941.0
1994-03-25,907810.0
1994-04-01,907886.0
1994-04-08,909488.0
1994-04-15,912342.0
1994-04-22,912420.0
1994-04-29,913330.0
1994-05-06,907637.0
1994-05-13,906693.0
1994-05-20,908347.0
1994-05-27,907253.0
1994-06-03,902769.0
1994-06-10,899965.0
1994-06-17,898398.0
1994-06-24,901877.0
1994-07-01,902820.0
1994-07-08,903485.0
1994-07-15,906667.0
1994-07-22,909925.0
1994-07-29,904073.0
1994-08-05,901556.0
1994-08-12,904670.0
1994-08-19,901834.0
1994-08-26,899390.0
1994-09-02,899205.0
1994-09-09,898945.0
1994-09-16,900400.0
1994-09-23,906295.0
1994-09-30,909566.0
1994-10-07,908634.0
1994-10-14,913075.0
1994-10-21,911246.0
1994-10-28,920581.0
1994-11-04,919593.0
1994-11-11,918863.0
1994-11-18,915885.0
1994-11-25,913413.0
1994-12-02,913367.0
1994-12-09,911878.0
1994-12-16,911223.0
1994-12-23,911909.0
1994-12-30,904519.0
1995-01-06,906233.0
1995-01-13,904948.0
1995-01-20,898534.0
1995-01-27,898253.0
1995-02-03,901480.0
1995-02-10,895147.0
1995-02-17,902510.0
1995-02-24,896939.0
1995-03-03,899905.0
1995-03-10,900392.0
1995-03-17,900931.0
1995-03-24,904981.0
1995-03-31,912742.0
1995-04-07,909938.0
1995-04-14,911122.0
1995-04-21,914145.0
1995-04-28,910037.0
1995-05-05,908116.0
1995-05-12,908938.0
1995-05-19,904789.0
1995-05-26,901770.0
1995-06-02,899614.0
1995-06-09,899059.0
1995-06-16,898570.0
1995-06-23,891103.0
1995-06-30,894829.0
1995-07-07,893654.0
1995-07-14,893637.0
1995-07-21,886757.0
1995-07-28,889706.0
1995-08-04,882865.0
1995-08-11,885340.0
1995-08-18,877950.0
1995-08-25,880903.0
1995-09-01,888324.0
1995-09-08,883722.0
1995-09-15,882818.0
1995-09-22,882268.0
1995-09-29,877213.0
1995-10-06,872829.0
1995-10-13,872804.0
1995-10-20,874975.0
1995-10-27,876499.0
1995-11-03,879790.0
1995-11-10,878159.0
1995-11-17,887768.0
1995-11-24,893847.0
1995-12-01,890735.0
1995-12-08,886475.0
1995-12-15,892325.0
1995-12-22,886465.0
1995-12-29,876239.0
1996-01-05,877271.0
1996-01-12,880191.0
1996-01-19,884469.0
1996-01-26,882724.0
1996-02-02,880314.0
1996-02-09,878080.0
1996-02-16,875010.0
1996-02-23,875353.0
1996-03-01,872078.0
1996-03-08,880303.0
1996-03-15,875021.0
1996-03-22,873804.0
1996-03-29,869246.0
1996-04-05,871553.0
1996-04-12,871467.0
1996-04-19,866788.0
1996-04-26,865917.0
1996-05-03,873097.0
1996-05-10,871395.0
1996-05-17,866935.0
1996-05-24,868063.0
1996-05-31,879330.0
1996-06-07,877666.0
1996-06-14,874656.0
1996-06-21,874178.0
1996-06-28,881031.0
1996-07-05,882687.0
1996-07-12,879679.0
1996-07-19,875440.0
1996-07-26,876086.0
1996-08-02,873207.0
1996-08-09,870523.0
1996-08-16,871882.0
1996-08-23,881010.0
1996-08-30,874299.0
1996-09-06,870137.0
1996-09-13,866819.0
1996-09-20,867471.0
1996-09-27,860303.0
1996-10-04,859926.0
1996-10-11,856619.0
1996-10-18,862360.0
1996-10-25,859301.0
1996-11-01,869551.0
1996-11-08,864383.0
1996-11-15,861687.0
1996-11-22,855564.0
1996-11-29,854847.0
1996-12-06,852835.0
1996-12-13,849608.0
1996-12-20,841779.0
1996-12-27,843594.0
1997-01-03,834666.0
1997-01-10,838772.0
1997-01-17,836679.0
1997-01-24,839646.0
1997-01-31,844691.0
1997-02-07,847731.0
1997-02-14,852214.0
1997-02-21,852050.0
1997-02-28,846627.0
1997-03-07,851957.0
1997-03-14,852059.0
1997-03-21,850971.0
1997-03-28,857317.0
1997-04-04,857515.0
1997-04-11,860134.0
1997-04-18,861594.0
1997-04-25,864420.0
1997-05-02,864354.0
1997-05-09,870743.0
1997-05-16,865308.0
1997-05-23,868522.0
1997-05-30,872724.0
1997-06-06,872308.0
1997-06-13,871048.0
1997-06-20,870585.0
1997-06-27,864858.0
1997-07-04,869677.0
1997-07-11,867214.0
1997-07-18,865229.0
1997-07-25,855339.0
1997-08-01,854575.0
1997-08-08,859710.0
1997-08-15,860334.0
1997-08-22,855080.0
1997-08-29,853478.0
1997-09-05,847380.0
1997-09-12,851171.0
1997-09-19,847288.0
1997-09-26,848606.0
1997-10-03,853393.0
1997-10-10,851216.0
1997-10-17,847918.0
1997-10-24,852523.0
1997-10-31,858542.0
1997-11-07,857233.0
1997-11-14,862514.0
1997-11-21,866288.0
1997-11-28,869108.0
1997-12-05,864350.0
1997-12-12,866890.0
1997-12-19,862912.0
1997-12-26,859660.0
1998-01-02,853194.0
1998-01-09,852114.0
1998-01-16,863326.0
1998-01-23,869012.0
1998-01-30,868440.0
1998-02-06,868412.0
1998-02-13,870115.0
1998-02-20,872998.0
1998-02-27,871399.0
1998-03-06,870624.0
1998-03-13,868563.0
1998-03-20,875032.0
1998-03-27,876626.0
1998-04-03,877995.0
1998-04-10,883325.0
1998-04-17,888332.0
1998-04-24,888635.0
1998-05-01,890794.0
1998-05-08,890131.0
1998-05-15,901354.0
1998-05-22,898108.0
1998-05-29,893820.0
1998-06-05,892960.0
1998-06-12,890262.0
1998-06-19,888610.0
1998-06-26,890271.0
1998-07-03,887485.0
1998-07-10,880854.0
1998-07-17,886395.0
1998-07-24,890224.0
1998-07-31,890907.0
1998-08-07,891852.0
1998-08-14,891316.0
1998-08-21,884438.0
1998-08-28,884120.0
1998-09-04,875483.0
1998-09-11,873101.0
1998-09-18,863762.0
1998-09-25,866859.0
1998-10-02,869319.0
1998-10-09,876108.0
1998-10-16,879653.0
1998-10-23,883390.0
1998-10-30,887165.0
1998-11-06,886358.0
1998-11-13,884412.0
1998-11-20,889569.0
1998-11-27,884001.0
1998-12-04,882480.0
1998-12-11,885899.0
1998-12-18,891889.0
1998-12-25,889231.0
1999-01-01,874253.0
1999-01-08,876793.0
1999-01-15,879500.0
1999-01-22,885553.0
1999-01-29,888135.0
1999-02-05,888536.0
1999-02-12,887344.0
1999-02-19,890431.0
1999-02-26,887225.0
1999-03-05,890217.0
1999-03-12,893880.0
1999-03-19,896687.0
1999-03-26,900490.0
1999-04-02,898719.0
1999-04-09,900836.0
1999-04-16,897680.0
1999-04-23,894237.0
1999-04-30,892096.0
1999-05-07,889490.0
1999-05-14,890544.0
1999-05-21,888221.0
1999-05-28,887174.0
1999-06-04,889310.0
1999-06-11,892267.0
1999-06-18,889544.0
1999-06-25,887820.0
1999-07-02,887625.0
1999-07-09,891313.0
1999-07-16,892891.0
1999-07-23,887715.0
1999-07-30,884315.0
1999-08-06,882048.0
1999-08-13,881318.0
1999-08-20,876793.0
1999-08-27,877355.0
1999-09-03,872914.0
1999-09-10,868632.0
1999-09-17,867995.0
1999-09-24,863738.0
1999-10-01,863271.0
1999-10-08,856062.0
1999-10-15,860081.0
1999-10-22,860350.0
1999-10-29,864071.0
1999-11-05,861746.0
1999-11-12,863524.0
1999-11-19,858663.0
1999-11-26,853174.0
1999-12-03,852178.0
1999-12-10,845452.0
1999-12-17,844622.0
1999-12-24,844029.0
1999-12-31,842310.0
2000-01-07,844791.0
2000-01-14,844982.0
2000-01-21,843147.0
2000-01-28,835028.0
2000-02-04,838976.0
2000-02-11,839088.0
2000-02-18,838780.0
2000-02-25,838911.0
2000-03-03,843876.0
2000-03-10,844307.0
2000-03-17,845945.0
2000-03-24,845795.0
2000-03-31,847336.0
2000-04-07,850183.0
2000-04-14,855678.0
2000-04-21,860748.0
2000-04-28,857484.0
2000-05-05,862020.0
2000-05-12,862270.0
2000-05-19,863219.0
2000-05-26,858618.0
2000-06-02,854488.0
2000-06-09,853052.0
2000-06-16,848491.0
2000-06-23,847822.0
2000-06-30,846028.0
2000-07-07,847777.0
2000-07-14,847768.0
2000-07-21,848042.0
2000-07-28,837588.0
2000-08-04,840011.0
2000-08-11,843925.0
2000-08-18,839767.0
2000-08-25,842054.0
2000-09-01,844797.0
2000-09-08,844129.0
2000-09-15,841647.0
2000-09-22,841146.0
2000-09-29,841541.0
2000-10-06,842032.0
2000-10-13,837997.0
2000-10-20,840402.0
2000-10-27,836037.0
2000-11-03,832589.0
2000-11-10,832589.0
2000-11-17,834581.0
2000-11-24,828454.0
2000-12-01,828995.0
2000-12-08,820530.0
2000-12-15,819194.0
2000-12-22,816514.0
2000-12-29,813959.0
2001-01-05,812750.0
2001-01-12,811740.0
2001-01-19,810630.0
2001-01-26,807060.0
2001-02-02,810971.0
2001-02-09,814338.0
2001-02-16,802458.0
2001-02-23,805337.0
2001-03-02,802625.0
2001-03-09,811050.0
2001-03-16,816213.0
2001-03-23,827401.0
2001-03-30,829086.0
2001-04-06,832897.0
2001-04-13,839107.0
2001-04-20,837742.0
2001-04-27,844067.0
2001-05-04,845144.0
2001-05-11,848081.0
2001-05-18,851423.0
2001-05-25,849681.0
2001-06-01,851183.0
2001-06-08,842979.0
2001-06-15,842251.0
2001-06-22,842243.0
2001-06-29,837490.0
2001-07-06,834845.0
2001-07-13,841866.0
2001-07-20,843246.0
2001-07-27,842196.0
2001-08-03,835537.0
2001-08-10,832688.0
2001-08-17,828685.0
2001-08-24,831382.0
2001-08-31,829428.0
2001-09-07,830389.0
2001-09-14,830307.0
2001-09-21,833974.0
2001-09-28,835586.0
2001-10-05,835459.0
2001-10-12,831019.0
2001-10-19,833842.0
2001-10-26,836298.0
2001-11-02,840757.0
2001-11-09,841019.0
2001-11-16,840320.0
2001-11-23,837664.0
2001-11-30,842465.0
2001-12-07,840128.0
2001-12-14,841508.0
2001-12-21,844824.0
2001-12-28,842654.0
2002-01-04,844645.0
2002-01-11,846705.0
2002-01-18,850640.0
2002-01-25,853793.0
2002-02-01,856721.0
2002-02-08,862065.0
2002-02-15,859337.0
2002-02-22,858593.0
2002-03-01,863481.0
2002-03-08,864053.0
2002-03-15,867613.0
2002-03-22,863169.0
2002-03-29,869193.0
2002-04-05,870028.0
2002-04-12,865998.0
2002-04-19,869400.0
2002-04-26,874551.0
2002-05-03,870114.0
2002-05-10,866889.0
2002-05-17,872140.0
2002-05-24,871756.0
2002-05-31,879039.0
2002-06-07,878974.0
2002-06-14,879382.0
2002-06-21,877526.0
2002-06-28,880183.0
2002-07-05,876805.0
2002-07-12,875906.0
2002-07-19,872747.0
2002-07-26,870770.0
2002-08-02,869164.0
2002-08-09,862532.0
2002-08-16,865875.0
2002-08-23,866770.0
2002-08-30,862811.0
2002-09-06,859139.0
2002-09-13,855101.0
2002-09-20,852861.0
2002-09-27,844179.0
2002-10-04,840480.0
2002-10-11,850954.0
2002-10-18,858130.0
2002-10-25,859477.0
2002-11-01,863471.0
2002-11-08,858147.0
2002-11-15,863910.0
2002-11-22,861568.0
2002-11-29,865775.0
2002-12-06,869699.0
2002-12-13,868583.0
2002-12-20,870009.0
2002-12-27,860984.0
2003-01-03,861603.0
2003-01-10,855330.0
2003-01-17,856915.0
2003-01-24,856403.0
2003-01-31,857347.0
2003-02-07,853026.0
2003-02-14,856084.0
2003-02-21,855050.0
2003-02-28,856747.0
2003-03-07,852459.0
2003-03-14,852931.0
2003-03-21,856636.0
2003-03-28,863369.0
2003-04-04,859871.0
2003-04-11,860204.0
2003-04-18,869175.0
2003-04-25,870997.0
2003-05-02,870684.0
2003-05-09,868766.0
2003-05-16,870120.0
2003-05-23,871669.0
2003-05-30,875458.0
2003-06-06,872215.0
2003-06-13,877458.0
2003-06-20,873611.0
2003-06-27,873290.0
2003-07-04,874511.0
2003-07-11,871489.0
2003-07-18,869850.0
2003-07-25,871644.0
2003-08-01,876495.0
2003-08-08,876824.0
2003-08-15,875376.0
2003-08-22,878418.0
2003-08-29,881246.0
2003-09-05,878240.0
2003-09-12,883161.0
2003-09-19,885790.0
2003-09-26,886376.0
2003-10-03,893028.0
2003-10-10,898706.0
2003-10-17,898318.0
2003-10-24,903615.0
2003-10-31,904900.0
2003-11-07,905184.0
2003-11-14,909107.0
2003-11-21,904631.0
2003-11-28,900547.0
2003-12-05,895901.0
2003-12-12,891298.0
2003-12-19,893901.0
2003-12-26,890821.0
2004-01-02,890843.0
2004-01-09,886904.0
2004-01-16,888425.0
2004-01-23,887785.0
2004-01-30,896308.0
2004-02-06,894047.0
2004-02-13,900536.0
2004-02-20,902419.0
2004-02-27,905673.0
2004-03-05,910271.0
2004-03-12,912509.0
2004-03-19,921410.0
2004-03-26,928421.0
2004-04-02,928261.0
2004-04-09,932251.0
2004-04-16,933786.0
2004-04-23,939155.0
2004-04-30,940336.0
2004-05-07,942709.0
2004-05-14,941911.0
2004-05-21,942085.0
2004-05-28,945730.0
2004-06-04,947442.0
2004-06-11,948290.0
2004-06-18,950705.0
2004-06-25,951242.0
2004-07-02,951332.0
2004-07-09,949656.0
2004-07-16,946080.0
2004-07-23,948346.0
2004-07-30,947080.0
2004-08-06,944097.0
2004-08-13,943398.0
2004-08-20,942724.0
2004-08-27,939800.0
2004-09-03,938757.0
2004-09-10,932043.0
2004-09-17,923487.0
2004-09-24,927473.0
2004-10-01,928062.0
2004-10-08,931315.0
2004-10-15,932262.0
2004-10-22,936852.0
2004-10-29,943244.0
2004-11-05,945555.0
2004-11-12,947295.0
2004-11-19,947379.0
2004-11-26,948228.0
2004-12-03,950294.0
2004-12-10,950630.0
2004-12-17,953126.0
2004-12-24,952267.0
2004-12-31,949442.0
2005-01-07,948666.0
2005-01-14,952921.0
2005-01-21,957508.0
2005-01-28,958193.0
2005-02-04,957831.0
2005-02-11,960813.0
2005-02-18,961965.0
2005-02-25,964814.0
2005-03-04,968291.0
2005-03-11,972526.0
2005-03-18,978334.0
2005-03-25,985227.0
2005-04-01,988651.0
2005-04-08,993556.0
2005-04-15,992836.0
2005-04-22,999187.0
2005-04-29,1002342.0
2005-05-06,1005574.0
2005-05-13,1010372.0
2005-05-20,1009127.0
2005-05-27,1011001.0
2005-06-03,1008650.0
2005-06-10,1007863.0
2005-06-17,1006912.0
2005-06-24,1008253.0
2005-07-01,1005184.0
2005-07-08,1001985.0
2005-07-15,1001569.0
2005-07-22,999840.0
2005-07-29,1000241.0
2005-08-05,1003723.0
2005-08-12,1004787.0
2005-08-19,1007114.0
2005-08-26,1005863.0
2005-09-02,999438.0
2005-09-09,991578.0
2005-09-16,988520.0
2005-09-23,985144.0
2005-09-30,982648.0
2005-10-07,980844.0
2005-10-14,984579.0
2005-10-21,987393.0
2005-10-28,988227.0
2005-11-04,991936.0
2005-11-11,989977.0
2005-11-18,990031.0
2005-11-25,986543.0
2005-12-02,989830.0
2005-12-09,990722.0
2005-12-16,991522.0
2005-12-23,991640.0
2005-12-30,990127.0
2006-01-06,986884.0
2006-01-13,989625.0
2006-01-20,987512.0
2006-01-27,988635.0
2006-02-03,988423.0
2006-02-10,993276.0
2006-02-17,994797.0
2006-02-24,996735.0
2006-03-03,1003576.0
2006-03-10,1008412.0
2006-03-17,1007502.0
2006-03-24,1010032.0
2006-03-31,1012742.0
2006-04-07,1016051.0
2006-04-14,1015684.0
2006-04-21,1015678.0
2006-04-28,1017903.0
2006-05-05,1018672.0
2006-05-12,1019149.0
2006-05-19,1016151.0
2006-05-26,1017749.0
2006-06-02,1019032.0
2006-06-09,1018051.0
2006-06-16,1019438.0
2006-06-23,1016108.0
2006-06-30,1013687.0
2006-07-07,1007007.0
2006-07-14,1007157.0
2006-07-21,1007187.0
2006-07-28,1005412.0
2006-08-04,1004225.0
2006-08-11,1002618.0
2006-08-18,1001973.0
2006-08-25,1004453.0
2006-09-01,1002349.0
2006-09-08,999443.0
2006-09-15,996594.0
2006-09-22,996484.0
2006-09-29,999839.0
2006-10-06,1002059.0
2006-10-13,1007078.0
2006-10-20,1004142.0
2006-10-27,1006295.0
2006-11-03,1006889.0
2006-11-10,1008262.0
2006-11-17,1013423.0
2006-11-24,1013063.0
2006-12-01,1011873.0
2006-12-08,1007578.0
2006-12-15,1001255.0
2006-12-22,993123.0
2006-12-29,991824.0
2007-01-05,986075.0
2007-01-12,992843.0
2007-01-19,993632.0
2007-01-26,996316.0
2007-02-02,995798.0
2007-02-09,995209.0
2007-02-16,998903.0
2007-02-23,1000324.0
2007-03-02,995426.0
2007-03-09,996606.0
2007-03-16,1000530.0
2007-03-23,999683.0
2007-03-30,1003990.0
2007-04-06,1004880.0
2007-04-13,1004140.0
2007-04-20,1006324.0
2007-04-27,1007781.0
2007-05-04,1013417.0
2007-05-11,1014610.0
2007-05-18,1016661.0
2007-05-25,1015002.0
2007-06-01,1015497.0
2007-06-08,1015579.0
2007-06-15,1022481.0
2007-06-22,1024043.0
2007-06-29,1027194.0
2007-07-06,1025606.0
2007-07-13,1025157.0
2007-07-20,1024054.0
2007-07-27,1017557.0
2007-08-03,1013596.0
2007-08-10,1008429.0
2007-08-17,1010319.0
2007-08-24,1006834.0
2007-08-31,1002862.0
2007-09-07,996015.0
2007-09-14,992616.0
2007-09-21,996087.0
2007-09-28,997488.0
2007-10-05,995678.0
2007-10-12,997964.0
2007-10-19,993222.0
2007-10-26,989420.0
2007-11-02,988552.0
2007-11-09,992011.0
2007-11-16,991033.0
2007-11-23,990581.0
2007-11-30,983304.0
2007-12-07,982309.0
2007-12-14,974820.0
2007-12-21,971422.0
2007-12-28,968240.0
2008-01-04,961910.0
2008-01-11,967689.0
2008-01-18,970063.0
2008-01-25,973617.0
2008-02-01,980594.0
2008-02-08,981755.0
2008-02-15,985959.0
2008-02-22,989418.0
2008-02-29,986496.0
2008-03-07,993007.0
2008-03-14,993822.0
2008-03-21,993909.0
2008-03-28,1001473.0
2008-04-04,998888.0
2008-04-11,997173.0
2008-04-18,999713.0
2008-04-25,1003768.0
2008-05-02,1009413.0
2008-05-09,1010250.0
2008-05-16,1005591.0
2008-05-23,997347.0
2008-05-30,993358.0
2008-06-06,988932.0
2008-06-13,988181.0
2008-06-20,989086.0
2008-06-27,988081.0
2008-07-04,982508.0
2008-07-11,985572.0
2008-07-18,984130.0
2008-07-25,984165.0
2008-08-01,986178.0
2008-08-08,986262.0
2008-08-15,995651.0
2008-08-22,995473.0
2008-08-29,993575.0
2008-09-05,987695.0
2008-09-12,981366.0
2008-09-19,978423.0
2008-09-26,981326.0
2008-10-03,987518.0
2008-10-10,992849.0
2008-10-17,995784.0
2008-10-24,996223.0
2008-10-31,996277.0
2008-11-07,996225.0
2008-11-14,997823.0
2008-11-21,1005103.0
2008-11-28,1004647.0
2008-12-05,1004997.0
2008-12-12,1005522.0
2008-12-19,1002419.0
2008-12-26,1002966.0
2009-01-02,1009060.0
2009-01-09,1010270.0
2009-01-16,1016543.0
2009-01-23,1023494.0
2009-01-30,1031387.0
2009-02-06,1036330.0
2009-02-13,1036291.0
2009-02-20,1037237.0
2009-02-27,1037212.0
2009-03-06,1038519.0
2009-03-13,1042262.0
2009-03-20,1047411.0
2009-03-27,1051927.0
2009-04-03,1055215.0
2009-04-10,1062149.0
2009-04-17,1067304.0
2009-04-24,1072582.0
2009-05-01,1075600.0
2009-05-08,1071826.0
2009-05-15,1070460.0
2009-05-22,1066332.0
2009-05-29,1069282.0
2009-06-05,1064886.0
2009-06-12,1061597.0
2009-06-19,1058224.0
2009-06-26,1055203.0
2009-07-03,1052501.0
2009-07-10,1050368.0
2009-07-17,1048571.0
2009-07-24,1053722.0
2009-07-31,1055392.0
2009-08-07,1058086.0
2009-08-14,1049688.0
2009-08-21,1049816.0
2009-08-28,1049443.0
2009-09-04,1043637.0
2009-09-11,1039407.0
2009-09-18,1042760.0
2009-09-25,1045554.0
2009-10-02,1044419.0
2009-10-09,1044753.0
2009-10-16,1046063.0
2009-10-23,1046839.0
2009-10-30,1042903.0
2009-11-06,1044690.0
2009-11-13,1043803.0
2009-11-20,1044821.0
2009-11-27,1047435.0
2009-12-04,1044166.0
2009-12-11,1040477.0
2009-12-18,1035635.0
2009-12-25,1034096.0
2010-01-01,1033243.0
2010-01-08,1036941.0
2010-01-15,1036470.0
2010-01-22,1032581.0
2010-01-29,1034898.0
2010-02-05,1037189.0
2010-02-12,1040274.0
2010-02-19,1043308.0
2010-02-26,1047340.0
2010-03-05,1048808.0
2010-03-12,1049820.0
2010-03-19,1057064.0
2010-03-26,1059993.0
2010-04-02,1062138.0
2010-04-09,1059934.0
2010-04-16,1061826.0
2010-04-23,1063788.0
2010-04-30,1066543.0
2010-05-07,1068460.0
2010-05-14,1068620.0
2010-05-21,1071080.0
2010-05-28,1069176.0
2010-06-04,1067501.0
2010-06-11,1069190.0
2010-06-18,1071207.0
2010-06-25,1069198.0
2010-07-02,1064153.0
2010-07-09,1059095.0
2010-07-16,1059455.0
2010-07-23,1066761.0
2010-07-30,1063977.0
2010-08-06,1060976.0
2010-08-13,1060158.0
2010-08-20,1064264.0
2010-08-27,1067688.0
2010-09-03,1065918.0
2010-09-10,1063429.0
2010-09-17,1063995.0
2010-09-24,1063693.0
2010-10-01,1066536.0
2010-10-08,1066283.0
2010-10-15,1066948.0
2010-10-22,1071996.0
2010-10-29,1073946.0
2010-11-05,1070399.0
2010-11-12,1063113.0
2010-11-19,1064141.0
2010-11-26,1065206.0
2010-12-03,1061072.0
2010-12-10,1051218.0
2010-12-17,1045883.0
2010-12-24,1044625.0
2010-12-31,1040464.0
2011-01-07,1038071.0
2011-01-14,1040687.0
2011-01-21,1045523.0
2011-01-28,1048117.0
2011-02-04,1049948.0
2011-02-11,1050807.0
2011-02-18,1051629.0
2011-02-25,1051265.0
2011-03-04,1053641.0
2011-03-11,1055386.0
2011-03-18,1057517.0
2011-03-25,1060462.0
2011-04-01,1062078.0
2011-04-08,1063705.0
2011-04-15,1061383.0
2011-04-22,1067539.0
2011-04-29,1070960.0
2011-05-06,1074592.0
2011-05-13,1074577.0
2011-05-20,1075193.0
2011-05-27,1078071.0
2011-06-03,1073439.0
2011-06-10,1070033.0
2011-06-17,1068311.0
2011-06-24,1063936.0
2011-07-01,1063063.0
2011-07-08,1059939.0
2011-07-15,1056212.0
2011-07-22,1056240.0
2011-07-29,1052688.0
2011-08-05,1045073.0
2011-08-12,1043392.0
2011-08-19,1036377.0
2011-08-26,1036932.0
2011-09-02,1028085.0
2011-09-09,1020381.0
2011-09-16,1013045.0
2011-09-23,1014974.0
2011-09-30,1010295.0
2011-10-07,1011531.0
2011-10-14,1006797.0
2011-10-21,1011532.0
2011-10-28,1013358.0
2011-11-04,1011770.0
2011-11-11,1010713.0
2011-11-18,1004495.0
2011-11-25,1008427.0
2011-12-02,1009576.0
2011-12-09,1007644.0
2011-12-16,997074.0
2011-12-23,1000973.0
2011-12-30,1003182.0
2012-01-06,1005007.0
2012-01-13,1001569.0
2012-01-20,1005127.0
2012-01-27,1009302.0
2012-02-03,1009593.0
2012-02-10,1009422.0
2012-02-17,1011055.0
2012-02-24,1015215.0
2012-03-02,1016063.0
2012-03-09,1017813.0
2012-03-16,1016651.0
2012-03-23,1023753.0
2012-03-30,1032762.0
2012-04-06,1035328.0
2012-04-13,1039184.0
2012-04-20,1043162.0
2012-04-27,1046002.0
2012-05-04,1051291.0
2012-05-11,1053419.0
2012-05-18,1054302.0
2012-05-25,1056515.0
2012-06-01,1054752.0
2012-06-08,1054561.0
2012-06-15,1057422.0
2012-06-22,1057289.0
2012-06-29,1053019.0
2012-07-06,1048164.0
2012-07-13,1047355.0
2012-07-20,1050072.0
2012-07-27,1043549.0
2012-08-03,1039774.0
2012-08-10,1036075.0
2012-08-17,1030663.0
2012-08-24,1034441.0
2012-08-31,1027015.0
2012-09-07,1027424.0
2012-09-14,1035960.0
2012-09-21,1033514.0
2012-09-28,1033032.0
2012-10-05,1034544.0
2012-10-12,1037404.0
2012-10-19,1043300.0
2012-10-26,1041255.0
2012-11-02,1042802.0
2012-11-09,1043891.0
2012-11-16,1042425.0
2012-11-23,1042078.0
2012-11-30,1039721.0
2012-12-07,1039861.0
2012-12-14,1038897.0
2012-12-21,1038311.0
2012-12-28,1027191.0
2013-01-04,1028083.0
2013-01-11,1027447.0
2013-01-18,1030260.0
2013-01-25,1036400.0
2013-02-01,1039081.0
2013-02-08,1039803.0
2013-02-15,1043946.0
2013-02-22,1045076.0
2013-03-01,1048812.0
2013-03-08,1051436.0
2013-03-15,1050122.0
2013-03-22,1053378.0
2013-03-29,1056085.0
2013-04-05,1055967.0
2013-04-12,1054734.0
2013-04-19,1055681.0
2013-04-26,1062377.0
2013-05-03,1062748.0
2013-05-10,1062124.0
2013-05-17,1061786.0
2013-05-24,1064786.0
2013-05-31,1058519.0
2013-06-07,1061148.0
2013-06-14,1061461.0
2013-06-21,1061479.0
2013-06-28,1051132.0
2013-07-05,1041395.0
2013-07-12,1034493.0
2013-07-19,1031668.0
2013-07-26,1032099.0
2013-08-02,1030668.0
2013-08-09,1027856.0
2013-08-16,1026428.0
2013-08-23,1029414.0
2013-08-30,1027578.0
2013-09-06,1026960.0
2013-09-13,1022592.0
2013-09-20,1025227.0
2013-09-27,1030699.0
2013-10-04,1037443.0
2013-10-11,1041442.0
2013-10-18,1046688.0
2013-10-25,1050775.0
2013-11-01,1051964.0
2013-11-08,1054604.0
2013-11-15,1054979.0
2013-11-22,1057932.0
2013-11-29,1052347.0
2013-12-06,1041343.0
2013-12-13,1038402.0
2013-12-20,1033671.0
2013-12-27,1026664.0
2014-01-03,1022706.0
2014-01-10,1015048.0
2014-01-17,1016038.0
2014-01-24,1022459.0
2014-01-31,1022899.0
2014-02-07,1025952.0
2014-02-14,1026925.0
2014-02-21,1026993.0
2014-02-28,1028422.0
2014-03-07,1034302.0
2014-03-14,1040152.0
2014-03-21,1046771.0
2014-03-28,1044392.0
2014-04-04,1048070.0
2014-04-11,1057460.0
2014-04-18,1060446.0
2014-04-25,1061189.0
2014-05-02,1058868.0
2014-05-09,1058471.0
2014-05-16,1050696.0
2014-05-23,1052353.0
2014-05-30,1048922.0
2014-06-06,1046192.0
2014-06-13,1045614.0
2014-06-20,1047356.0
2014-06-27,1044201.0
2014-07-04,1041794.0
2014-07-11,1034269.0
2014-07-18,1030300.0
2014-07-25,1026603.0
2014-08-01,1025139.0
2014-08-08,1026540.0
2014-08-15,1022066.0
2014-08-22,1019996.0
2014-08-29,1019091.0
2014-09-05,1018400.0
2014-09-12,1022073.0
2014-09-19,1017800.0
2014-09-26,1016435.0
2014-10-03,1021349.0
2014-10-10,1030271.0
2014-10-17,1037382.0
2014-10-24,1039442.0
2014-10-31,1039902.0
2014-11-07,1037116.0
2014-11-14,1039724.0
2014-11-21,1041670.0
2014-11-28,1037980.0
2014-12-05,1039276.0
2014-12-12,1038429.0
2014-12-19,1045696.0
2014-12-26,1043942.0
2015-01-02,1039767.0
2015-01-09,1045154.0
2015-01-16,1055224.0
2015-01-23,1064097.0
2015-01-30,1070430.0
2015-02-06,1074756.0
2015-02-13,1082471.0
2015-02-20,1090898.0
2015-02-27,1101201.0
2015-03-06,1106378.0
2015-03-13,1116000.0
2015-03-20,1124169.0
2015-03-27,1128935.0
2015-04-03,1140614.0
2015-04-10,1141906.0
2015-04-17,1147221.0
2015-04-24,1149129.0
2015-05-01,1145027.0
2015-05-08,1142835.0
2015-05-15,1140474.0
2015-05-22,1138259.0
2015-05-29,1136810.0
2015-06-05,1130792.0
2015-06-12,1128715.0
2015-06-19,1124131.0
2015-06-26,1126915.0
2015-07-03,1127937.0
2015-07-10,1123990.0
2015-07-17,1126971.0
2015-07-24,1122767.0
2015-07-31,1118360.0
2015-08-07,1116956.0
2015-08-14,1119575.0
2015-08-21,1114123.0
2015-08-28,1118790.0
2015-09-04,1121192.0
2015-09-11,1119088.0
2015-09-18,1117163.0
2015-09-25,1121116.0
2015-10-02,1124156.0
2015-10-09,1131718.0
2015-10-16,1139745.0
2015-10-23,1143121.0
2015-10-30,1145968.0
2015-11-06,1149948.0
2015-11-13,1150200.0
2015-11-20,1151160.0
2015-11-27,1152337.0
2015-12-04,1148676.0
2015-12-11,1153477.0
2015-12-18,1147600.0
2015-12-25,1150226.0
2016-01-01,1146076.0
2016-01-08,1146309.0
2016-01-15,1150287.0
2016-01-22,1158670.0
2016-01-29,1166461.0
2016-02-05,1165792.0
2016-02-12,1167939.0
2016-02-19,1171440.0
2016-02-26,1181814.0
2016-03-04,1185955.0
2016-03-11,1187274.0
2016-03-18,1196631.0
2016-03-25,1198928.0
2016-04-01,1193710.0
2016-04-08,1200344.0
2016-04-15,1202424.0
2016-04-22,1204422.0
2016-04-29,1207203.0
2016-05-06,1203594.0
2016-05-13,1204904.0
2016-05-20,1200677.0
2016-05-27,1199311.0
2016-06-03,1196948.0
2016-06-10,1196015.0
2016-06-17,1195098.0
2016-06-24,1191045.0
2016-07-01,1188820.0
2016-07-08,1186272.0
2016-07-15,1183929.0
2016-07-22,1185600.0
2016-07-29,1187013.0
2016-08-05,1188065.0
2016-08-12,1185557.0
2016-08-19,1188057.0
2016-08-26,1190332.0
2016-09-02,1175818.0
2016-09-09,1175259.0
2016-09-16,1169058.0
2016-09-23,1167176.0
2016-09-30,1164199.0
2016-10-07,1169048.0
2016-10-14,1163800.0
2016-10-21,1163247.0
2016-10-28,1177666.0
2016-11-04,1180097.0
2016-11-11,1185371.0
2016-11-18,1184115.0
2016-11-25,1183230.0
2016-12-02,1180840.0
2016-12-09,1178277.0
2016-12-16,1180532.0
2016-12-23,1181145.0
2016-12-30,1174094.0
2017-01-06,1178191.0
2017-01-13,1180537.0
2017-01-20,1183377.0
2017-01-27,1189841.0
2017-02-03,1203670.0
2017-02-10,1213197.0
2017-02-17,1213761.0
2017-02-24,1215260.0
2017-03-03,1223218.0
2017-03-10,1222165.0
2017-03-17,1226493.0
2017-03-24,1226636.0
2017-03-31,1227678.0
2017-04-07,1224887.0
2017-04-14,1223654.0
2017-04-21,1219512.0
2017-04-28,1217110.0
2017-05-05,1211312.0
2017-05-12,1208831.0
2017-05-19,1204001.0
2017-05-26,1196594.0
2017-06-02,1198233.0
2017-06-09,1196171.0
2017-06-16,1192937.0
2017-06-23,1191649.0
2017-06-30,1184951.0
2017-07-07,1174237.0
2017-07-14,1169508.0
2017-07-21,1162300.0
2017-07-28,1160772.0
2017-08-04,1154320.0
2017-08-11,1145375.0
2017-08-18,1142048.0
2017-08-25,1136653.0
2017-09-01,1140953.0
2017-09-08,1145248.0
2017-09-15,1148229.0
2017-09-22,1145587.0
2017-09-29,1138612.0
2017-10-06,1134665.0
2017-10-13,1128176.0
2017-10-20,1128718.0
2017-10-27,1125493.0
2017-11-03,1127049.0
2017-11-10,1128197.0
2017-11-17,1124617.0
2017-11-24,1118824.0
2017-12-01,1110766.0
2017-12-08,1105897.0
2017-12-15,1099785.0
2017-12-22,1095274.0
2017-12-29,1088211.0
2018-01-05,1083262.0
2018-01-12,1076872.0
2018-01-19,1076037.0
2018-01-26,1083045.0
2018-02-02,1085402.0
2018-02-09,1087663.0
2018-02-16,1085351.0
2018-02-23,1088779.0
2018-03-02,1091364.0
2018-03-09,1096386.0
2018-03-16,1093764.0
2018-03-23,1095407.0
2018-03-30,1090788.0
2018-04-06,1094094.0
2018-04-13,1093023.0
2018-04-20,1094455.0
2018-04-27,1100221.0
2018-05-04,1097315.0
2018-05-11,1094391.0
2018-05-18,1099468.0
2018-05-25,1095289.0
2018-06-01,1096752.0
2018-06-08,1092609.0
2018-06-15,1086543.0
2018-06-22,1076652.0
2018-06-29,1077897.0
2018-07-06,1065263.0
2018-07-13,1071098.0
2018-07-20,1064951.0
2018-07-27,1068754.0
2018-08-03,1067402.0
2018-08-10,1074207.0
2018-08-17,1068370.0
2018-08-24,1065804.0
2018-08-31,1061502.0
2018-09-07,1056205.0
2018-09-14,1054147.0
2018-09-21,1055999.0
2018-09-28,1063974.0
2018-10-05,1068655.0
2018-10-12,1074075.0
2018-10-19,1079263.0
2018-10-26,1080939.0
2018-11-02,1086487.0
2018-11-09,1095386.0
2018-11-16,1099477.0
2018-11-23,1101049.0
2018-11-30,1092723.0
